State,District,Soil_Type,N,P,K,pH
Andaman & Nicobar Islands,Middle Andaman,Laterite Soil,524.8721825,39.39379502142474,332.9250103250607,6.306016758671269
Andaman & Nicobar Islands,Nicobar,Coastal Soil,108.58964821763556,40.58950786587877,362.8865259677261,8.247151556496608
Andaman & Nicobar Islands,North Andaman,Laterite Soil,352.3234868475598,40.89810688881708,258.6075124438484,8.520807421625532
Andaman & Nicobar Islands,South Andaman,Laterite Soil,40.61766531216145,33.65066574586152,218.3693848362448,4.9901990000000005
Andhra Pradesh,Anantapur,Red Soil,0.00038,45.92034407588191,230.4602234907437,8.79930988339471
Andhra Pradesh,Chittoor,Red Soil,138.1560842841911,23.229627520261356,294.05598784559095,6.99523794596644
Andhra Pradesh,East Godavari,Alluvial Soil,211.816643,10.060772,133.562885,12.908495
Andhra Pradesh,Guntur,Alluvial Soil,345.10959101207175,60.5851026,299.27546707589653,7.4045787084546655
Andhra Pradesh,Krishna,Alluvial Soil,330.4243688193005,35.453228972312964,168.76779004679162,5.532470227569229
Andhra Pradesh,Kurnool,Red Soil,0.00038,28.24997323484223,332.24768886310994,5.07891814171594
Andhra Pradesh,Nellore,Coastal Soil,299.33873576583164,39.32237682153264,266.333568523311,8.477757125161972
Andhra Pradesh,Prakasam,Red Soil,262.5005350151474,21.40565494237897,183.46474216685004,4.9901990000000005
Andhra Pradesh,Srikakulam,Coastal Soil,194.179749,20.756371,383.036526,13.871951
Andhra Pradesh,Visakhapatnam,Coastal Soil,141.79261061594974,34.90438497492284,160.7205509730492,8.494629222179611
Andhra Pradesh,Vizianagaram,Red Soil,168.009001,31.328377,370.258847,12.194363
Andhra Pradesh,West Godavari,Alluvial Soil,207.487158,28.158144,358.134049,13.273724
Andhra Pradesh,Ysr Kadapa,Red Soil,79.06981911132192,29.956191992474288,168.2564003485774,9.187708934629876
Arunachal Pradesh,Changlang,Mountain Soil,456.698104,24.223128,171.792973,5.033303
Arunachal Pradesh,Dibang Valley,Mountain Soil,467.707422,39.157979,86.088705,5.085505
Arunachal Pradesh,East Kameng,Mountain Soil,483.497523,14.866871,290.804778,5.25923
Arunachal Pradesh,East Siang,Mountain Soil,583.049482,21.546792,181.269962,4.926416
Arunachal Pradesh,Itanagar,Mountain Soil,247.4084160211074,50.66728988580813,297.329680999083,7.533115117029108
Arunachal Pradesh,Kra Daadi,Mountain Soil,508.080573,15.037837,161.89188,5.728624
Arunachal Pradesh,Kurung Kumey,Mountain Soil,482.832091,14.565896,171.80392,5.731302
Arunachal Pradesh,Lepa Rada,Mountain Soil,366.44002477980166,19.75104060397124,302.0711829577989,9.14453243322438
Arunachal Pradesh,Lohit,Mountain Soil,440.036189,42.166232,155.991482,5.656755
Arunachal Pradesh,Longding,Mountain Soil,502.896667,17.566978,302.414828,5.096376
Arunachal Pradesh,Lower Dibang Valley,Mountain Soil,412.017067,34.941714,143.493665,4.662609
Arunachal Pradesh,Lower Siang,Mountain Soil,574.876376,24.75145,176.586853,5.082273
Arunachal Pradesh,Lower Subansiri,Mountain Soil,439.496253,54.896155,160.122462,6.403823
Arunachal Pradesh,Namsai,Mountain Soil,319.716732,43.146117,231.814509,5.812464
Arunachal Pradesh,Pakke Kessang,Mountain Soil,457.790366,14.58875,299.943622,5.097049
Arunachal Pradesh,Papum Pare,Mountain Soil,507.428016,14.844002,166.527657,6.039988
Arunachal Pradesh,Shi Yomi,Mountain Soil,286.864388,12.719367,135.149451,5.817848
Arunachal Pradesh,Siang,Mountain Soil,580.35109,26.48662,193.255048,5.086748
Arunachal Pradesh,Tawang,Mountain Soil,504.637714,18.622243,179.209831,5.042135
Arunachal Pradesh,Tirap,Mountain Soil,520.16131,18.354657,284.758385,4.59034
Arunachal Pradesh,Upper Siang,Mountain Soil,286.889018,12.351071,140.038991,5.401599
Arunachal Pradesh,Upper Subansiri,Mountain Soil,505.64971,15.347672,168.046405,5.794993
Arunachal Pradesh,West Kameng,Mountain Soil,356.313262,22.732387,169.803505,4.724372
Arunachal Pradesh,West Siang,Mountain Soil,513.826729,15.411802,169.945623,5.432372
Assam,Bajali,Alluvial Soil,0.00038,28.305549306893923,290.4869589411545,9.12229086311376
Assam,Barpeta,Alluvial Soil,518.399805,31.730629,164.057224,6.303007
Assam,Biswanath,Alluvial Soil,520.951523,26.14004,133.849631,5.016928
Assam,Bongaigaon,Alluvial Soil,545.057205,24.539238,144.161706,6.417823
Assam,Cachar,Alluvial Soil,532.487239,26.400217,172.8117,5.201716
Assam,Charaideo,Alluvial Soil,532.604264,32.339421,97.269826,5.767861
Assam,Chirang,Alluvial Soil,533.087773,30.68537,128.662474,5.404494
Assam,Darrang,Alluvial Soil,514.074006,33.088976,142.083723,5.535863
Assam,Dhemaji,Alluvial Soil,525.777716,29.625843,145.301739,5.135653
Assam,Dhubri,Alluvial Soil,513.019438,50.445542,154.857399,6.388861
Assam,Dibrugarh,Alluvial Soil,467.182247,25.154583,133.064744,5.971116
Assam,Goalpara,Alluvial Soil,513.549743,30.282565,143.524635,6.170056
Assam,Golaghat,Alluvial Soil,531.594276,30.90821,192.276847,5.075621
Assam,Hailakandi,Alluvial Soil,545.522709,29.289433,193.656485,5.347089
Assam,Hojai,Alluvial Soil,540.018541,26.34672,171.022709,5.640969
Assam,Jorhat,Alluvial Soil,508.130256,29.308592,167.765903,5.458671
Assam,Kamrup,Alluvial Soil,520.390682,30.285135,137.142726,7.034482
Assam,Kamrup Metropolitan,Alluvial Soil,323.9075557606987,58.07049704535914,119.25151382601604,6.312198617536163
Assam,Karbi Anglong,Red Soil,523.966649,23.13025,165.860153,5.777188
Assam,Karimganj,Alluvial Soil,538.10457,28.021075,179.446863,5.271099
Assam,Kokrajhar,Alluvial Soil,478.242347,32.449896,123.415873,7.176443
Assam,Lakhimpur,Alluvial Soil,506.118087,32.617385,117.575356,6.220996
Assam,Majuli,Alluvial Soil,0.03314,29.106649,4.911136,5.187462
Assam,Morigaon,Alluvial Soil,395.13376118791007,10.6077295,274.6909499785068,7.193613910664963
Assam,Nagaon,Alluvial Soil,506.885011,31.473859,157.435654,5.843109
Assam,Nalbari,Alluvial Soil,512.996058,28.103998,147.932972,5.489638
Assam,Sivasagar,Alluvial Soil,511.016313,21.413996,161.731468,5.439453
Assam,Sonitpur,Alluvial Soil,555.386652,29.984323,177.171795,5.228373
Assam,South Salmara,Alluvial Soil,212.59678094631923,57.25752898791711,401.4748380899829,4.9901990000000005
Assam,Tinsukia,Alluvial Soil,264.144239,31.296921,55.758792,12.164791
Assam,Udalguri,Alluvial Soil,519.154527,31.470748,168.09372,5.31076
Bihar,Araria,Alluvial Soil,268.672629,31.326429,284.890047,6.142432
Bihar,Arwal,Alluvial Soil,302.145211,60.596272,260.481832,9.155495
Bihar,Aurangabad,Alluvial Soil,331.520753,35.523619,242.670457,8.518538
Bihar,Banka,Alluvial Soil,245.635929,36.201432,244.950241,7.884116
Bihar,Begusarai,Alluvial Soil,209.610281,38.614706,258.27616,10.564914
Bihar,Bhagalpur,Alluvial Soil,243.948892,75.59073,273.517055,7.421552
Bihar,Bhojpur,Alluvial Soil,369.560654,60.575964,262.850846,7.111341
Bihar,Buxar,Alluvial Soil,62.924861560612015,30.359093453164668,219.53323714891025,7.695793915675628
Bihar,Darbhanga,Alluvial Soil,276.836808,31.641514,250.655033,10.690186
Bihar,East Champaran,Alluvial Soil,404.8890099728594,57.49166841197267,88.25349119011206,7.80230711011814
Bihar,Gaya,Alluvial Soil,418.152668,47.743882,263.108338,7.705169
Bihar,Gopalganj,Alluvial Soil,266.3454811782019,59.342442625296975,135.59026754208747,8.40936917044847
Bihar,Jamui,Alluvial Soil,309.032226,21.526864,195.414402,9.262621
Bihar,Jehanabad,Alluvial Soil,369.485817,48.10653,331.470064,11.259849
Bihar,Kaimur,Alluvial Soil,261.08188924075387,10.6077295,88.25349119011206,7.554501430540365
Bihar,Katihar,Alluvial Soil,288.148459,33.331101,249.573141,12.152147
Bihar,Khagaria,Alluvial Soil,214.39272,91.005515,201.241249,12.005932
Bihar,Kishanganj,Alluvial Soil,288.02423,90.123573,528.137046,5.77946
Bihar,Lakhisarai,Alluvial Soil,295.489295,46.264109,287.430134,8.873207
Bihar,Madhepura,Alluvial Soil,371.712957,88.2187,268.415892,8.290477
Bihar,Madhubani,Alluvial Soil,268.057932,16.441714,162.726927,9.414291
Bihar,Munger,Alluvial Soil,270.023435,48.160673,287.715839,13.129358
Bihar,Muzaffarpur,Alluvial Soil,201.764281,48.245001,219.767325,13.38024
Bihar,Nalanda,Alluvial Soil,402.664461,29.300452,264.99293,8.57395
Bihar,Nawada,Alluvial Soil,324.858202,49.208775,288.738961,8.595713
Bihar,Patna,Alluvial Soil,382.734328,41.593548,210.956196,8.354316
Bihar,Purnea,Alluvial Soil,195.9612469758088,13.34861115637622,171.18279262155542,7.654303679770658
Bihar,Rohtas,Alluvial Soil,401.947953,40.218743,240.127661,9.200854
Bihar,Saharsa,Alluvial Soil,296.868516,40.338053,190.903838,8.476085
Bihar,Samastipur,Alluvial Soil,207.225424,33.126297,230.960609,8.635806
Bihar,Saran,Alluvial Soil,208.060119,35.62044,227.312772,9.738446
Bihar,Sheikhpura,Alluvial Soil,212.13949,45.128456,261.965534,6.930508
Bihar,Sheohar,Alluvial Soil,272.677116,28.74669,126.215278,7.24956
Bihar,Sitamarhi,Alluvial Soil,266.230277,52.949011,236.822399,8.469364
Bihar,Siwan,Alluvial Soil,178.639659,30.271072,234.114369,7.628734
Bihar,Supaul,Alluvial Soil,280.210934,48.7261,202.596027,6.887526
Bihar,Vaishali,Alluvial Soil,195.071192,34.917296,193.919554,8.981398
Bihar,West Champaran,Alluvial Soil,326.1129013686133,18.201621023861605,134.8029669594186,9.967843445962153
Chandigarh,Chandigarh,Alluvial Soil,0.00038,13.815277023920824,408.0304156526382,7.286154317279361
Chhattisgarh,Balod,Red Soil,256.90252,21.68656,465.22793,6.574613
Chhattisgarh,Baloda Bazar,Red Soil,222.250751,23.326657,397.300417,6.569876
Chhattisgarh,Balrampur,Red Soil,247.244296,10.570113,311.553112,5.879247
Chhattisgarh,Bastar,Red Soil,107.78335525505167,38.59111761356638,421.6906422813353,4.9901990000000005
Chhattisgarh,Bemetara,Red Soil,201.941289,17.862129,336.756549,6.998617
Chhattisgarh,Bijapur,Red Soil,75.55165548180332,22.605354037596797,281.0936759266777,4.9901990000000005
Chhattisgarh,Bilaspur,Red Soil,454.5708898015631,14.315702377100187,284.6273748207194,9.03994780663718
Chhattisgarh,Dantewada,Red Soil,245.77244534165757,10.6077295,191.0355864704029,10.9860705777544
Chhattisgarh,Dhamtari,Red Soil,200.7037155963644,10.6077295,421.6906422813353,5.738327973038787
Chhattisgarh,Durg,Red Soil,177.99623596271567,17.34002121617208,294.28625893497457,10.00707438899246
Chhattisgarh,Gariaband,Red Soil,54.92836262855212,14.253682089672058,218.0853287977415,7.955519969148253
Chhattisgarh,Janjgir-Champa,Red Soil,377.98154597984944,38.02516255176452,306.3902844022083,6.732318208919894
Chhattisgarh,Jashpur,Red Soil,245.888074,8.007607,284.31077,13.398175
Chhattisgarh,Kabirdham,Red Soil,146.74580087992928,39.63028695760652,162.39022951631273,7.235279419391971
Chhattisgarh,Kanker,Red Soil,346.0375024347792,27.37621408853099,234.94439054201493,7.633362178550189
Chhattisgarh,Kondagaon,Red Soil,414.710004,65.029384,273.451921,9.457839
Chhattisgarh,Korba,Red Soil,357.45883488610826,49.10028740215596,199.56795848056925,8.716329524601846
Chhattisgarh,Koriya,Red Soil,373.6691254258119,27.501848489285468,301.2324454128749,9.817759533378869
Chhattisgarh,Mahasamund,Red Soil,304.7648569571784,39.963629362253336,358.56971897027574,8.71919099687588
Chhattisgarh,Mungeli,Red Soil,322.621522,15.555621,309.722967,6.942762
Chhattisgarh,Narayanpur,Red Soil,347.77903289573834,48.80367897684368,102.34709834694485,7.067478699087104
Chhattisgarh,Raigarh,Red Soil,524.8721825,19.913526345784827,206.60892402629617,8.886505112338604
Chhattisgarh,Raipur,Red Soil,0.00038,16.49198890849048,299.5101129745632,5.233782543261029
Chhattisgarh,Rajnandgaon,Red Soil,61.80829472080171,57.83975311223513,271.41399130064457,6.72671712185778
Chhattisgarh,Sukma,Red Soil,204.126802,16.328831,251.599261,6.375449
Chhattisgarh,Surajpur,Red Soil,202.905948,11.126434,209.011959,5.613115
Chhattisgarh,Surguja,Red Soil,191.702175,15.280521,211.376067,11.083042
Dadra & Nagar Haveli,Dadra & Nagar Haveli,Alluvial Soil,439.2683421049662,28.01195888133185,88.25349119011206,8.970721856626081
Daman & Diu,Daman,Coastal Soil,328.4302964466119,17.51334036427945,132.46429268112217,9.126047104487782
Daman & Diu,Diu,Coastal Soil,296.8836272792879,34.145902575652265,116.73951561648472,7.673843083009974
Delhi,Central Delhi,Alluvial Soil,276.94543183871576,48.777162867884286,292.275946602458,8.706147550037155
Delhi,East Delhi,Alluvial Soil,193.3133974936302,17.955021647810767,221.0325608950565,8.64356539009982
Delhi,New Delhi,Alluvial Soil,224.6585365901885,30.343204401081028,312.2352558236521,7.904417754396489
Delhi,North Delhi,Alluvial Soil,0.00038,50.1797330830714,323.37148742903145,10.466812407629332
Delhi,Shahdara,Alluvial Soil,314.1497749315711,16.90046082032369,334.1276307113752,7.982771103761184
Delhi,South Delhi,Alluvial Soil,519.8246941382743,43.83935712041634,321.7054640814536,9.223966887231724
Delhi,South East Delhi,Alluvial Soil,390.5470247943015,18.413546380725712,311.00585052123,7.759736367145327
Delhi,West Delhi,Alluvial Soil,467.3102166868953,33.48466195370177,101.2031038815618,9.738018275672358
Goa,North Goa,Laterite Soil,370.708787,51.383877,275.337786,12.539983
Goa,South Goa,Laterite Soil,369.639991,15.588426,258.014361,11.760213
Gujarat,Ahmedabad,Black Soil,343.1400052131989,42.73749002399081,246.4325944723771,11.75793985
Gujarat,Amreli,Black Soil,203.074936,51.36645,454.852007,7.292487
Gujarat,Anand,Black Soil,204.820355,113.050984,483.342847,7.237386
Gujarat,Aravalli,Red Soil,413.7860734893616,51.09308955703004,245.64137247261755,4.9901990000000005
Gujarat,Banaskantha,Desert Soil,130.5250811109285,26.24814983231104,98.93730507413414,9.475647435012956
Gujarat,Bharuch,Alluvial Soil,207.654094,23.436033,309.061818,7.532043
Gujarat,Bhavnagar,Black Soil,175.559867,31.271174,479.800004,7.250198
Gujarat,Bhuj (Kutch),Desert Soil,338.13527666616574,40.21443774352489,278.45934501847,9.53854976971759
Gujarat,Botad,Black Soil,309.361577,21.177021,412.981762,7.125407
Gujarat,Dahod,Red Soil,78.51235263384348,51.923775645206334,403.95372371840256,6.215785583772508
Gujarat,Dang,Laterite Soil,256.750206,38.023504,285.136639,6.591209
Gujarat,Devbhoomi Dwarka,Coastal Soil,83.032081078896,39.00903398601079,95.41269259688004,11.75793985
Gujarat,Gandhinagar,Black Soil,194.820437,79.972366,453.094705,7.131463
Gujarat,Gir Somnath,Black Soil,262.022356,31.766991,188.186456,7.260977
Gujarat,Jamnagar,Black Soil,254.45928,38.742226,258.539231,7.559856
Gujarat,Junagadh,Black Soil,210.29302,39.978118,342.699233,7.440574
Gujarat,Kheda,Black Soil,204.965394,43.281568,313.070653,7.084139
Gujarat,Mahisagar,Red Soil,208.103815,28.797596,317.715069,7.133163
Gujarat,Mehsana,Black Soil,200.6770392475295,19.58608897610416,248.1490622622341,5.52633124148284
Gujarat,Morbi,Black Soil,255.960226,48.301947,318.706823,7.412518
Gujarat,Narmada,Red Soil,254.50033,40.596366,316.13106,7.143909
Gujarat,Navsari,Alluvial Soil,226.989293,48.819492,314.240363,8.584308
Gujarat,Panchmahal,Red Soil,85.88828884341794,36.67498181320593,203.5958220969954,8.73475174442191
Gujarat,Patan,Black Soil,155.897325,46.380658,434.544965,7.336282
Gujarat,Porbandar,Coastal Soil,183.129795,39.005558,561.166879,7.302433
Gujarat,Rajkot,Black Soil,222.973446,62.250773,358.211617,7.031495
Gujarat,Sabarkantha,Red Soil,123.23413285598905,27.951406258918094,94.00027077527628,7.903201697280358
Gujarat,Surat,Alluvial Soil,209.017811,44.471466,271.308499,7.608204
Gujarat,Surendranagar,Black Soil,289.110259,30.094107,298.255549,7.150083
Gujarat,Tapi,Red Soil,208.691809,45.486226,288.218877,6.957972
Gujarat,Vadodara,Alluvial Soil,228.226933,41.259,417.731808,7.176332
Gujarat,Valsad,Alluvial Soil,255.768437,42.912958,265.477519,8.440211
Haryana,Ambala,Alluvial Soil,0.009975,22.380151,125.8086,7.578008
Haryana,Bhiwani,Alluvial Soil,0.012254,27.63956,177.98883,8.397078
Haryana,Charkhi Dadri,Alluvial Soil,170.84077240016123,51.00865955410366,421.6906422813353,7.440695847924429
Haryana,Faridabad,Alluvial Soil,0.032151,10.473585,326.820708,8.084957
Haryana,Fatehabad,Alluvial Soil,0.03462,45.142343,314.194887,8.169655
Haryana,Gurugram,Alluvial Soil,0.121819,9.245089,181.912965,7.869327
Haryana,Hisar,Alluvial Soil,0.029219,38.75322,187.945554,7.662883
Haryana,Jhajjar,Alluvial Soil,0.205684,35.216513,202.242814,7.763723
Haryana,Jind,Alluvial Soil,0.004642,12.93316,348.377713,7.79417
Haryana,Kaithal,Alluvial Soil,0.020088,37.88352,193.639814,7.754789
Haryana,Karnal,Alluvial Soil,0.000152,39.126567,352.373155,8.074951
Haryana,Kurukshetra,Alluvial Soil,27.557902,39.037532,279.686362,7.974295
Haryana,Mahendragarh,Alluvial Soil,47.368481,17.71136,134.547714,8.139726
Haryana,Nuh,Alluvial Soil,0.114544,46.254153,221.71824,7.850741
Haryana,Palwal,Alluvial Soil,0.011974,26.972521,332.545169,7.574102
Haryana,Panchkula,Alluvial Soil,0.024754,28.104413,211.36609,7.947369
Haryana,Panipat,Alluvial Soil,0.004144,24.707458,229.364462,7.85043
Haryana,Rewari,Alluvial Soil,0.003862,36.577918,159.474532,7.787064
Haryana,Rohtak,Alluvial Soil,0.001603,31.311389,432.888448,8.089702
Haryana,Sirsa,Alluvial Soil,74.939889,15.849346,281.375757,8.276611
Haryana,Sonipat,Alluvial Soil,0.01234,35.016948,294.812485,7.963947
Haryana,Yamunanagar,Alluvial Soil,0.003594,32.854753,119.517928,7.476808
Himachal Pradesh,Bilaspur,Mountain Soil,322.2047413711971,12.299038146517432,421.6906422813353,5.983493527271966
Himachal Pradesh,Chamba,Mountain Soil,287.2737899206241,10.6077295,353.7925684685954,7.41756269309589
Himachal Pradesh,Hamirpur,Mountain Soil,235.8737575719404,14.957846954422042,316.71774954406595,11.308140613311997
Himachal Pradesh,Kangra,Mountain Soil,219.6118838301225,23.233395327271754,228.7060958142906,5.650844754899391
Himachal Pradesh,Kinnaur,Mountain Soil,196.4653619290629,60.5851026,203.3992996137253,6.40919400247323
Himachal Pradesh,Kullu,Mountain Soil,140.186441,44.585108,303.211235,11.941957
Himachal Pradesh,Lahaul & Spiti,Cold Desert Soil,209.5835690396466,41.263151803838106,189.4514283785136,7.687023149995911
Himachal Pradesh,Mandi,Mountain Soil,246.97064726000548,31.02810430472587,225.5516539350177,9.070823782788782
Himachal Pradesh,Shimla,Mountain Soil,145.40602707842842,40.55063261903782,325.72693169863186,8.111498607177024
Himachal Pradesh,Sirmaur,Mountain Soil,477.0176043785656,38.53370788638853,375.8546158116103,6.435159429185411
Himachal Pradesh,Solan,Mountain Soil,438.0332979237631,28.3144163658216,365.7950392093951,8.229113241700807
Himachal Pradesh,Una,Mountain Soil,0.00038,44.67930693228688,108.52008892212852,6.770626663472153
Jammu & Kashmir,Anantnag,Mountain Soil,0.00038,51.492270897404126,202.91403095031603,8.277196027534046
Jammu & Kashmir,Bandipora,Mountain Soil,289.926119,36.59357,304.012334,8.497174
Jammu & Kashmir,Baramulla,Mountain Soil,436.885595,39.796806,271.38686,8.441417
Jammu & Kashmir,Budgam,Mountain Soil,313.51548,36.071128,248.231169,10.06633
Jammu & Kashmir,Ganderbal,Mountain Soil,495.125525,29.740729,297.564359,7.499888
Jammu & Kashmir,Kulgam,Mountain Soil,223.705001,58.326033,188.780918,9.066047
Jammu & Kashmir,Kupwara,Mountain Soil,371.143274,38.039026,207.898041,9.222264
Jammu & Kashmir,Pulwama,Mountain Soil,0.00038,44.02979823396466,310.25690250970314,8.157430445755926
Jammu & Kashmir,Shopian,Mountain Soil,378.0390862591977,28.820874886366692,295.24393929087887,5.251172764070682
Jammu & Kashmir,Srinagar,Mountain Soil,325.98867584965893,55.53457713531717,231.7746254417492,9.459516152704468
Jharkhand,Bokaro,Red Soil,257.3555946816655,43.7508030548807,88.25349119011206,6.958203155761293
Jharkhand,Chatra,Red Soil,0.00038,24.63758770042272,204.09149506138536,9.93875261728812
Jharkhand,Deoghar,Red Soil,235.8432136003682,41.149612829676514,221.79286042902535,6.893373163978962
Jharkhand,Dhanbad,Red Soil,243.78512878074963,31.625549870625687,187.9870743859613,8.308271536594567
Jharkhand,Dumka,Red Soil,168.7787008874471,14.496021583783154,358.3949681439213,7.797024478497862
Jharkhand,East Singhbhum,Red Soil,407.8914096243325,60.5851026,245.72939681212856,6.037987774459388
Jharkhand,Garhwa,Red Soil,173.48960486438034,32.15095537117696,261.3506066718641,11.49964029976224
Jharkhand,Giridih,Red Soil,146.40028674237564,27.20069913030453,319.1899228723969,10.221001232107936
Jharkhand,Godda,Red Soil,446.9664926333356,10.6077295,289.69410968904265,10.5853441067468
Jharkhand,Gumla,Red Soil,100.48383844728752,23.16960302233417,323.232292187702,7.897260039102274
Jharkhand,Hazaribagh,Red Soil,163.15413333199143,41.494922098904624,227.08567617219785,6.745808826225785
Jharkhand,Jamtara,Red Soil,273.13562034781364,25.138565794791926,414.0540898557082,6.132801093203206
Jharkhand,Khunti,Red Soil,360.6170496998244,48.402149742707856,188.8816247020696,9.178007719298206
Jharkhand,Koderma,Red Soil,255.5028578822959,59.32757299309744,384.5477288147458,7.940878512357441
Jharkhand,Latehar,Red Soil,92.10064798921864,25.245144934798503,324.74451973462664,4.9901990000000005
Jharkhand,Lohardaga,Red Soil,166.7285762204395,19.404852311180345,247.04439785958536,9.327994378080222
Jharkhand,Pakur,Red Soil,318.3615381328751,25.12694796693376,88.25349119011206,7.916750132502918
Jharkhand,Palamu,Red Soil,93.90046822022455,56.23695711571364,308.3532296652604,4.9901990000000005
Jharkhand,Ramgarh,Red Soil,46.54729958285495,22.33230237343324,296.7782085830488,4.9901990000000005
Jharkhand,Ranchi,Red Soil,276.3684402153315,49.187345997425325,246.73796209165675,10.17376281082883
Jharkhand,Sahebganj,Alluvial Soil,325.40768068788475,10.6077295,150.55321114298647,8.388682796114086
Jharkhand,Seraikela Kharsawan,Red Soil,271.7396496701581,47.81909669261867,354.8266755212951,8.863278139670534
Jharkhand,Simdega,Red Soil,263.5907189248196,25.092472956807192,146.02780250832518,7.147983688095811
Jharkhand,West Singhbhum,Red Soil,289.378572005881,33.462968908892044,338.3871087303212,8.16572522704341
Karnataka,Bagalkot,Black Soil,30.49333661642461,49.031490405890295,247.6832223283739,7.28071558768124
Karnataka,Ballari,Red Soil,211.3725819736639,50.06248187883176,220.32062652134715,8.038132257138619
Karnataka,Belagavi,Black Soil,342.9368619310513,43.0956039522839,377.0667183233237,8.485358748384387
Karnataka,Bengaluru,Red Soil,121.12090382008168,51.44845235665066,88.25349119011206,4.9901990000000005
Karnataka,Chamarajanagar,Red Soil,120.67518209692678,10.6077295,218.39394928994665,4.9901990000000005
Karnataka,Chikkaballapur,Red Soil,186.0418060046614,31.54895411602221,329.5783960017195,8.74400585320203
Karnataka,Chikkamagaluru,Red Soil,296.7259234031871,32.36024166253495,364.7411595009606,5.292016492990019
Karnataka,Chitradurga,Red Soil,116.17186421533115,13.315823367536208,337.788231747023,9.816149040466488
Karnataka,Dakshina Kannada,Laterite Soil,144.66291906160336,23.66736939481513,125.06652766203288,8.782293909503503
Karnataka,Davanagere,Red Soil,23.26376848586025,16.631419882872752,182.87564712376764,11.659370696443755
Karnataka,Dharwad,Black Soil,17.551608078095057,43.73820126383337,144.2261009060502,6.395082225839476
Karnataka,Gadag,Black Soil,254.39694392203853,25.92941898398477,242.5134693494173,7.323560061702049
Karnataka,Hassan,Red Soil,146.57759290806732,10.6077295,154.80457549987364,4.9901990000000005
Karnataka,Haveri,Red Soil,32.334017945658644,35.799979448982214,432.7650305,4.9901990000000005
Karnataka,Kalaburagi,Black Soil,279.03771674061204,29.64014391044141,432.7650305,10.334818901793971
Karnataka,Kodagu,Laterite Soil,283.21500315393257,62.2797975,245.71991364526824,7.313104229276162
Karnataka,Kolar,Red Soil,420.1284916627494,36.79449867955726,101.76443551981612,8.402871630906462
Karnataka,Koppal,Red Soil,456.5787692436354,50.93998396951714,115.2168967507394,6.276376356018295
Karnataka,Mandya,Red Soil,398.15886010267786,44.06920494667606,432.7650305,8.189808587174701
Karnataka,Mysuru,Red Soil,312.4742189405137,10.6077295,289.0826353979805,6.382035725913792
Karnataka,Raichur,Red Soil,188.5485655658821,10.6077295,216.15945911528303,7.783011303497199
Karnataka,Ramanagara,Red Soil,524.8721825,10.6077295,312.5086927558615,8.39090834048128
Karnataka,Shivamogga,Red Soil,432.2983568790256,25.26878303998113,315.10433865097343,12.158469
Karnataka,Tumakuru,Red Soil,370.7371645289478,21.810995950715885,117.54876996211335,10.395009927958188
Karnataka,Udupi,Laterite Soil,109.24145618491926,15.387501823867822,212.8050906368848,7.284295351945908
Karnataka,Uttara Kannada,Laterite Soil,524.8721825,62.2797975,321.4191181945064,9.344722021756748
Karnataka,Vijayapura,Black Soil,524.8721825,62.2797975,249.17738794045616,9.118127973494492
Karnataka,Yadgir,Red Soil,0.00038,44.48529340399471,177.9250953879794,5.789310078946187
Kerala,Alappuzha,Coastal Soil,298.8392281793168,38.36697654666075,393.51683770671593,11.06665435413444
Kerala,Ernakulam,Coastal Soil,0.00038,27.03894583355472,160.3407257342258,7.677035084105527
Kerala,Idukki,Mountain Soil,16.292784843929013,39.587235645134605,275.0267451734534,8.027452878517789
Kerala,Kannur,Laterite Soil,246.19705497847968,18.80881041170105,88.25349119011206,9.235852110043004
Kerala,Kasaragod,Laterite Soil,286.5513336465034,41.41739295844111,246.1669826978382,7.393332758891427
Kerala,Kollam,Coastal Soil,492.7681423288976,14.328508305818296,174.95661533342985,5.424389937445617
Kerala,Kottayam,Alluvial Soil,144.96954894281623,27.12349759292072,331.00307600550065,8.476054543734392
Kerala,Kozhikode,Laterite Soil,474.44392144477314,46.410324971719696,429.1969917731243,7.452578094401229
Kerala,Malappuram,Laterite Soil,524.8721825,62.263834025,215.1692549642601,7.798824592120768
Kerala,Palakkad,Red Soil,243.33686161918405,53.1734213977638,336.0706970949427,7.825392654187795
Kerala,Pathanamthitta,Laterite Soil,51.74803402254946,41.66245962338314,289.05889749820847,9.089871961351038
Kerala,Thiruvananthapuram,Coastal Soil,17.777569360352288,39.943138151482806,362.4445572157436,7.60202480888131
Kerala,Thrissur,Alluvial Soil,24.945647315339727,30.65775831652433,177.57708078569686,6.901065338065662
Kerala,Wayanad,Mountain Soil,132.7292310053851,43.67562977612487,193.5834023845001,11.230630472010384
Ladakh,Kargil,Cold Desert Soil,297.65787032423987,34.15621959094466,315.37351347400534,8.135503209097784
Ladakh,Kargil,Cold Desert Soil,192.6586473513234,52.09596194538587,318.0128925177156,6.008163187671907
Ladakh,Leh,Cold Desert Soil,107.0381545281836,15.493311873166244,88.25349119011206,10.15584204968471
Ladakh,Leh,Cold Desert Soil,118.96375749714876,33.57355004307161,136.79861191233232,4.9901990000000005
Lakshadweep,Lakshadweep,Coral Soil,465.6450801666158,32.613829410624774,166.5104530136753,7.435767810257669
Madhya Pradesh,Agar Malwa,Black Soil,394.6203323971873,50.90364210290234,312.16561455170154,6.34081894296421
Madhya Pradesh,Alirajpur,Black Soil,470.268769137739,10.6077295,259.7039644146115,8.479671594203452
Madhya Pradesh,Anuppur,Red Soil,177.42681202496902,10.6077295,220.40780206457325,7.540435719553513
Madhya Pradesh,Ashoknagar,Black Soil,0.00038,30.77815536374374,138.72663833916448,5.656126153999017
Madhya Pradesh,Balaghat,Red Soil,189.656419702478,42.369008047803824,251.60648126507263,4.9901990000000005
Madhya Pradesh,Barwani,Black Soil,497.8971799518844,37.02372459645554,241.46429353770964,5.870593594102804
Madhya Pradesh,Betul,Red Soil,371.330591132273,30.947816967517145,282.3302006257668,6.487759189881658
Madhya Pradesh,Bhind,Alluvial Soil,172.5103928776464,42.43082141725609,212.46494200418232,10.806249121484983
Madhya Pradesh,Bhopal,Black Soil,356.1870322011945,16.22732215829324,294.3505423988524,6.91150905475216
Madhya Pradesh,Burhanpur,Black Soil,508.6087841205072,44.56355185527617,273.5863869640514,9.45697182342253
Madhya Pradesh,Chhatarpur,Black Soil,450.65738351216623,32.04943794398666,135.17558575802786,6.190365507589688
Madhya Pradesh,Chhindwara,Red Soil,114.16002031287618,53.35787692503941,88.25349119011206,6.69426707593732
Madhya Pradesh,Damoh,Black Soil,206.1758591271852,62.263834025,374.3649460056829,6.753441820509461
Madhya Pradesh,Datia,Alluvial Soil,332.555159025506,20.39128690378914,278.0553330187778,7.783402029579436
Madhya Pradesh,Dewas,Black Soil,512.1850502211731,48.74845442408882,159.0335361522924,5.507320157200095
Madhya Pradesh,Dhar,Black Soil,10.071238914011076,25.762369532477567,263.0378094696537,8.789871087866775
Madhya Pradesh,Dindori,Red Soil,381.7748233107597,13.76715420925595,267.57395635202346,6.741838160746832
Madhya Pradesh,Guna,Black Soil,97.12126817343284,39.85114875916503,164.45098374124126,9.064176380990114
Madhya Pradesh,Gwalior,Alluvial Soil,524.8721825,30.33525493296688,156.06541646390525,7.70850773035128
Madhya Pradesh,Harda,Black Soil,0.00038,41.92563284105909,271.1178697334981,5.39603098923598
Madhya Pradesh,Hoshangabad,Black Soil,91.65308612386552,13.60995807894568,127.867568326436,10.595822135680336
Madhya Pradesh,Indore,Black Soil,211.4290518584247,17.982704303290333,302.40483255348147,7.275523178059754
Madhya Pradesh,Jabalpur,Red Soil,267.21930171690155,29.26302214948099,121.89854389899835,6.709333958522382
Madhya Pradesh,Jhabua,Black Soil,444.1996839521446,55.60022811906982,429.1969917731243,8.119158848951598
Madhya Pradesh,Katni,Red Soil,524.8721825,35.11431845886248,261.0736521491673,4.9901990000000005
Madhya Pradesh,Khandwa,Black Soil,390.3682288336762,10.6077295,198.50034601402297,7.9216311138536994
Madhya Pradesh,Khargone,Black Soil,79.11800128884084,22.533825227450706,373.751682240627,10.48689367909291
Madhya Pradesh,Mandla,Red Soil,249.93764137620448,10.6077295,158.899353482646,8.662342126025347
Madhya Pradesh,Mandsaur,Black Soil,83.54720629909096,42.01443015703397,88.25349119011206,7.397518604782069
Madhya Pradesh,Morena,Alluvial Soil,4.82283509782323,32.83843313890249,245.35080559929443,9.590818840260006
Madhya Pradesh,Narsinghpur,Black Soil,256.6802800139515,18.60080212495369,88.25349119011206,6.897534725700407
Madhya Pradesh,Neemuch,Black Soil,156.82852972949416,24.5450304518022,318.48047291425087,7.548155875752215
Madhya Pradesh,Panna,Black Soil,0.00038,22.695705971755835,236.92947276609763,11.180455678486464
Madhya Pradesh,Raisen,Black Soil,395.80683066895904,10.6077295,88.25349119011206,10.27462322397958
Madhya Pradesh,Rajgarh,Black Soil,0.00038,42.28309630386335,355.38544992301644,6.415058789476043
Madhya Pradesh,Ratlam,Black Soil,168.5735439081717,35.835958659655184,161.82656743713454,6.914083402898616
Madhya Pradesh,Rewa,Alluvial Soil,222.29149466424,11.491347302709476,429.1969917731243,4.9901990000000005
Madhya Pradesh,Sagar,Black Soil,184.782253212698,60.28951777794798,343.1693480941293,8.418628663287002
Madhya Pradesh,Satna,Alluvial Soil,244.7208957365144,47.370572637110016,88.25349119011206,7.593680693899799
Madhya Pradesh,Sehore,Black Soil,172.1236195713276,62.263834025,88.25349119011206,6.298929882505399
Madhya Pradesh,Seoni,Red Soil,524.8721825,62.263834025,187.04332464456093,7.699866865803199
Madhya Pradesh,Shahdol,Red Soil,524.8721825,42.65060504955412,197.0588455041224,7.17529815374002
Madhya Pradesh,Shajapur,Black Soil,274.4155574371523,55.21124510124925,122.39794998684268,8.636649672269586
Madhya Pradesh,Sheopur,Alluvial Soil,71.81546281185689,59.18311592239044,121.88680613610808,6.718877649604205
Madhya Pradesh,Shivpuri,Alluvial Soil,65.45975350144153,18.41410582233135,176.83945446637182,10.478466585726624
Madhya Pradesh,Sidhi,Alluvial Soil,69.77909074380088,55.25692823653712,218.92854070375373,5.772537521904045
Madhya Pradesh,Singrauli,Alluvial Soil,160.3124430847862,42.313055035393845,195.7781150964424,8.17307645629042
Madhya Pradesh,Tikamgarh,Black Soil,0.00038,23.352594868768307,254.33024997906423,7.940658578004621
Madhya Pradesh,Ujjain,Black Soil,45.03866831674898,34.05919177044506,386.9377135218377,7.76862933896621
Madhya Pradesh,Umaria,Red Soil,342.0111747975492,28.9793717159582,315.14642526685105,5.953624192560978
Madhya Pradesh,Vidisha,Black Soil,343.2334009556387,38.67845254567033,400.5535583992103,10.672424690637603
Maharashtra,Ahmednagar,Black Soil,130.73401124911652,15.917778538893057,305.8130398309231,10.16211868415781
Maharashtra,Akola,Black Soil,122.00216350901248,10.6077295,336.2335003002214,9.292761001686111
Maharashtra,Amravati,Black Soil,236.9572039076077,60.0955448176064,400.0763200624197,8.70147369884918
Maharashtra,Aurangabad,Black Soil,0.00038,36.37546428616507,179.22441825533105,9.41271225415638
Maharashtra,Beed,Black Soil,262.4575075318411,43.03803182772074,216.074888727175,8.614490944918998
Maharashtra,Bhandara,Red Soil,181.17680050515972,43.21135054439128,288.09864810821205,7.621041881917309
Maharashtra,Buldhana,Black Soil,248.71732838865256,16.861110700161774,331.7279389732821,7.529589168738076
Maharashtra,Chandrapur,Red Soil,266.4834793554735,60.96392128064946,106.3561935107819,9.419028232600208
Maharashtra,Dhule,Black Soil,418.1025848187076,37.074283863712935,158.7379158974597,10.73619057519406
Maharashtra,Gadchiroli,Red Soil,330.38168801851435,54.97461251736439,319.7706600646473,6.23356911145218
Maharashtra,Gondia,Red Soil,524.8721825,32.78914532519889,88.25349119011206,11.432724096697266
Maharashtra,Hingoli,Black Soil,417.5313622647252,46.06570898529065,275.4508346339437,6.506932529616975
Maharashtra,Jalgaon,Black Soil,200.74733724152253,56.548349007382654,252.6061056391076,6.336235906123732
Maharashtra,Jalna,Black Soil,209.6438296231755,10.6077295,88.25349119011206,9.083992075523431
Maharashtra,Kolhapur,Red Soil,201.61414613054453,10.6077295,238.0497747423408,8.391997398676745
Maharashtra,Latur,Black Soil,247.06321108531887,39.11049625449346,285.4261454277382,4.9901990000000005
Maharashtra,Mumbai,Coastal Soil,169.73166591960785,24.74380225896126,196.25649640971588,9.37361341829804
Maharashtra,Mumbai Suburban,Coastal Soil,428.6603026594768,10.6077295,175.52173420516684,5.473758244296507
Maharashtra,Nagpur,Red Soil,471.1130314016157,42.92639142519924,208.35738774243063,7.255282312262529
Maharashtra,Nanded,Black Soil,475.28262535976864,59.72366717587229,325.1979940157287,7.057035046375084
Maharashtra,Nandurbar,Black Soil,0.00038,56.68001321851538,153.75024263114992,9.533497646190638
Maharashtra,Nashik,Black Soil,157.42288083735565,25.65067209516868,127.41163602101122,8.86355993044001
Maharashtra,Osmanabad,Black Soil,369.3743418696648,24.906470032637586,288.1177609209974,5.387006979807541
Maharashtra,Palghar,Coastal Soil,263.9499158694273,14.151214534130036,92.91256558677276,4.9901990000000005
Maharashtra,Parbhani,Black Soil,261.0205632086747,41.30320339923049,371.87398607413456,5.521849613479291
Maharashtra,Pune,Black Soil,155.39536967154189,24.419337741499056,289.1708516697546,8.850842915950746
Maharashtra,Raigad,Coastal Soil,213.04100498353648,36.35577946613094,420.10388212372897,8.116138458974781
Maharashtra,Ratnagiri,Laterite Soil,524.8721825,24.181634540610737,358.5891175768737,5.813630259609983
Maharashtra,Sangli,Black Soil,290.00071058756987,42.27349940010952,342.9052951008564,6.091365780261507
Maharashtra,Satara,Black Soil,245.23187310882457,10.6077295,252.91472197044743,7.277769109862849
Maharashtra,Sindhudurg,Laterite Soil,213.4021355387732,10.6077295,188.9967153173998,5.98773458970839
Maharashtra,Solapur,Black Soil,214.542510631871,51.73486270786862,283.6323135992043,10.453155528791426
Maharashtra,Thane,Coastal Soil,249.259836636109,24.61232217383365,88.25349119011206,10.655305615602458
Maharashtra,Wardha,Red Soil,171.2856191823769,31.52534548744883,88.25349119011206,8.564447999308438
Maharashtra,Washim,Black Soil,232.7163017562936,40.41848694045771,235.2494937687466,7.532898749583853
Maharashtra,Yavatmal,Black Soil,235.8396583291725,24.277567010445527,194.9888872085997,8.770874098943695
Manipur,Bishnupur,Red Soil,104.17864750770543,35.268056816361614,261.92027977272164,8.371189810620574
Manipur,Chandel,Mountain Soil,333.1649213592616,28.00929569518438,304.2432334567313,9.278535637179372
Manipur,Churachandpur,Red Soil,323.4238672359427,20.2864372739705,294.3816726570908,9.8171567944421
Manipur,Imphal East,Red Soil,0.00038,35.07739221444498,377.86965331804777,5.795678384150688
Manipur,Imphal West,Red Soil,191.96569699787017,50.66725574401211,311.5180730918117,7.506709033611115
Manipur,Jiribam,Red Soil,353.1384715012429,42.15046870810708,280.6442202440539,6.043657313866222
Manipur,Kakching,Red Soil,0.00038,37.60591466385968,429.1969917731243,5.49764197807818
Manipur,Kamjong,Mountain Soil,0.00038,26.59346504162292,411.3470089507375,9.313234387257426
Manipur,Kangpokpi,Mountain Soil,26.530634626566663,59.41191108482325,116.95815065741516,5.174628160469688
Manipur,Noney,Mountain Soil,0.00038,47.79329627124567,89.96159230919389,6.865783144058443
Manipur,Pherzawl,Mountain Soil,74.33436966497752,31.96250811262601,287.7925262813221,7.545427586680933
Manipur,Senapati,Mountain Soil,258.00094628376354,10.6077295,309.56306757235274,5.14973692356425
Manipur,Tamenglong,Mountain Soil,347.54925841238344,32.92622097974267,370.1885519478699,10.673606073469644
Manipur,Tengnoupal,Mountain Soil,0.00038,22.229540596241144,254.20726648753453,4.9901990000000005
Manipur,Thoubal,Red Soil,146.32248556159504,34.404369275278626,219.3709364073436,6.630662476805608
Manipur,Ukhrul,Mountain Soil,400.5241254520957,10.6077295,385.3424050562981,8.82265639683926
Meghalaya,East Garo Hills,Laterite Soil,406.187076,12.533485,146.189837,4.936715
Meghalaya,East Jaintia Hills,Laterite Soil,381.424231,21.502631,182.39932,5.145687
Meghalaya,East Khasi Hills,Laterite Soil,283.142647,40.689941,368.471638,6.174493
Meghalaya,North Garo Hills,Laterite Soil,350.515567,12.883744,197.078424,4.730623
Meghalaya,Ri Bhoi,Laterite Soil,313.517415,136.950655,270.813061,5.767379
Meghalaya,South Garo Hills,Laterite Soil,417.628535,11.844701,145.321465,4.718702
Meghalaya,South West Garo Hills,Laterite Soil,377.180911,11.810723,142.568335,4.536232
Meghalaya,South West Khasi Hills,Laterite Soil,279.078262,37.974131,154.10414,4.467708
Meghalaya,West Garo Hills,Laterite Soil,378.4072,11.390821,151.73038,4.645135
Meghalaya,West Jaintia Hills,Laterite Soil,333.610837,23.330676,190.196679,6.259485
Meghalaya,West Khasi Hills,Laterite Soil,291.638928,22.046014,130.968217,4.327248
Mizoram,Aizawl,Mountain Soil,186.584705,18.004527,119.454534,7.869764
Mizoram,Champhai,Mountain Soil,247.05322951276395,42.37951335525431,169.64940326750298,11.75793985
Mizoram,Hnahthial,Mountain Soil,145.120733,12.311564,114.741544,5.249131
Mizoram,Khawzawl,Mountain Soil,178.56768,16.342884,112.520901,5.535359
Mizoram,Kolasib,Mountain Soil,304.180881,26.588521,299.79705,11.278045
Mizoram,Lawngtlai,Mountain Soil,115.409721,12.942407,124.420327,9.062119
Mizoram,Lunglei,Mountain Soil,134.020243,12.347398,112.286734,11.47879
Mizoram,Mamit,Mountain Soil,269.583733,11.711851,269.240212,9.475037
Mizoram,Saiha,Mountain Soil,144.742206,15.336423,125.45139,10.720925
Mizoram,Serchhip,Mountain Soil,186.184776,21.755499,85.632015,8.632761
Nagaland,Chumoukedima,Mountain Soil,270.268962,17.488117,225.139854,5.241267
Nagaland,Dimapur,Mountain Soil,317.610402,18.461986,222.885005,5.11973
Nagaland,Kiphire,Mountain Soil,390.168399,47.153797,197.405234,5.41658
Nagaland,Kohima,Mountain Soil,145.31896440856616,32.36848184863429,161.4818723286222,11.68157231587071
Nagaland,Longleng,Mountain Soil,438.299128,29.638152,233.467903,4.906181
Nagaland,Mokokchung,Mountain Soil,282.229005,14.218271,179.665514,5.238903
Nagaland,Mon,Mountain Soil,392.69701,25.0545,183.724282,4.710952
Nagaland,Noklak,Mountain Soil,260.989887814916,25.704097545334456,300.2787328347281,10.252411586964689
Nagaland,Peren,Mountain Soil,567.104465,11.906818,115.489836,7.550812
Nagaland,Phek,Mountain Soil,300.278772,21.743727,232.811678,4.964241
Nagaland,Tuensang,Mountain Soil,273.183857,22.460425,226.162189,5.491374
Nagaland,Wokha,Mountain Soil,568.161112,3.1789,120.78233,13.306392
Nagaland,Zunheboto,Mountain Soil,396.116273,57.371248,314.130875,4.737532
Odisha,Angul,Red Soil,271.61668882497315,37.70066180452266,98.09348083809144,4.9901990000000005
Odisha,Balangir,Red Soil,223.958613,16.81763,197.637331,10.001626
Odisha,Balasore,Coastal Soil,524.8721825,44.65788738697249,300.82906276949893,9.787628010786923
Odisha,Bargarh,Red Soil,184.217417,36.49003,337.239292,11.706722
Odisha,Bhadrak,Coastal Soil,272.936765,24.460758,207.634347,7.255266
Odisha,Boudh,Red Soil,217.095933,47.278936,248.424069,6.588342
Odisha,Cuttack,Alluvial Soil,153.13537,21.845623,176.574907,9.770233
Odisha,Deogarh,Red Soil,177.133073,6.291163,266.755586,9.933943
Odisha,Dhenkanal,Red Soil,84.204392,25.076136,307.339735,7.168826
Odisha,Gajapati,Laterite Soil,237.74092504251072,48.167935831505126,354.1289453258615,9.62356692358592
Odisha,Ganjam,Laterite Soil,312.561906,21.945279,200.847353,7.18053
Odisha,Jagatsinghpur,Coastal Soil,191.41626298109267,26.99913429684956,297.8399840655228,6.20576261502196
Odisha,Jajpur,Alluvial Soil,126.08853613061146,58.43321603040292,218.601082296439,6.729091848777358
Odisha,Jharsuguda,Red Soil,131.768981,46.14713,357.220624,11.21059
Odisha,Kalahandi,Red Soil,307.722527,21.964917,231.025382,6.649627
Odisha,Kandhamal,Laterite Soil,302.206825,12.221158,205.729004,8.537047
Odisha,Kendrapara,Coastal Soil,165.206047,14.634,201.16587,5.536707
Odisha,Kendujhar,Red Soil,220.800248,13.250626,163.993041,6.389086
Odisha,Khurda,Alluvial Soil,84.1128121182376,60.5851026,282.8238268370716,8.456051118510265
Odisha,Koraput,Red Soil,269.794881,10.645346,263.646794,11.41517
Odisha,Malkangiri,Red Soil,138.548595,107.409087,240.803194,10.391386
Odisha,Mayurbhanj,Red Soil,336.502576,5.823092,149.257117,4.563221
Odisha,Nabarangpur,Red Soil,347.52617197874065,29.512159841457933,303.09483546877254,5.038884689803221
Odisha,Nayagarh,Red Soil,152.374665,52.080503,161.280591,9.169888
Odisha,Nuapada,Red Soil,310.820605,21.40384,208.618199,7.185215
Odisha,Puri,Coastal Soil,181.207485,24.557866,158.202538,10.025815
Odisha,Rayagada,Red Soil,298.200269,9.861433,182.001474,6.2504
Odisha,Sambalpur,Red Soil,294.006349,42.320004,297.49641,6.128203
Odisha,Sonepur,Red Soil,252.165882,50.352206,261.073578,8.993697
Odisha,Sundargarh,Red Soil,277.037338,21.716931,269.237596,12.606297
Puducherry,Karaikal,Coastal Soil,123.561318,30.338482,230.66119,7.044389
Puducherry,Mahe,Coastal Soil,25.677200031203427,27.248082598537213,312.20217695627656,6.654342107630546
Puducherry,Puducherry,Coastal Soil,166.6461620995483,16.165671800491346,226.313920846882,7.366673856504091
Puducherry,Yanam,Coastal Soil,219.7248269811117,11.291461345602553,147.6500576240698,7.993575716290743
Punjab,Amritsar,Alluvial Soil,0.014587,1.442817,16.192592,7.594361
Punjab,Barnala,Alluvial Soil,196.7788013223993,44.777158496507,88.25349119011206,11.4863592992095
Punjab,Bathinda,Alluvial Soil,159.820097,19.517081,75.550265,8.160433
Punjab,Fazilka,Alluvial Soil,0.0,70.236224,568.076445,8.050314
Punjab,Firozpur,Alluvial Soil,214.8179344474097,29.835401116659916,212.79706319498555,10.544550779763007
Punjab,Gurdaspur,Alluvial Soil,0.0,12.419403,112.925348,7.713497
Punjab,Hoshiarpur,Alluvial Soil,0.0,0.0,0.002568,8.203315
Punjab,Jalandhar,Alluvial Soil,0.000233,3.980206,17.140351,7.555966
Punjab,Kapurthala,Alluvial Soil,0.033854,14.367856,61.782477,4.494928
Punjab,Ludhiana,Alluvial Soil,0.0,29.207895,86.94697,7.588877
Punjab,Mansa,Alluvial Soil,0.0,21.421425,86.91206,8.60243
Punjab,Moga,Alluvial Soil,0.028618,23.128106,325.137534,8.47045
Punjab,Nawanshahr,Alluvial Soil,293.556554886148,38.58361707547262,288.34115379395297,8.912529212147296
Punjab,Pathankot,Alluvial Soil,0.234912,19.470896,58.351497,11.776815
Punjab,Patiala,Alluvial Soil,0.001597,17.076657,52.873989,8.021751
Punjab,Rupnagar,Alluvial Soil,0.003087,1.562626,5.534296,7.332307
Punjab,Sangrur,Alluvial Soil,0.031481,53.760247,122.460889,7.900253
Punjab,Tarn Taran,Alluvial Soil,124.202403,22.315929,90.370285,7.578011
Rajasthan,Ajmer,Desert Soil,0.127183,27.188289,259.93265,7.867316
Rajasthan,Alwar,Alluvial Soil,0.228302,32.489508,206.402588,9.041321
Rajasthan,Banswara,Red Soil,0.012217,26.673002,269.264814,7.429665
Rajasthan,Baran,Black Soil,0.020941,44.432377,268.929321,7.979817
Rajasthan,Barmer,Desert Soil,0.017483,40.651535,208.609259,7.659147
Rajasthan,Bharatpur,Alluvial Soil,168.365723,32.684419,212.421262,7.380445
Rajasthan,Bhilwara,Red Soil,0.009081,28.30708,373.967013,7.712734
Rajasthan,Bikaner,Desert Soil,0.00038,46.637935042034925,130.58181254311515,4.9901990000000005
Rajasthan,Bundi,Red Soil,0.018159,35.205057,340.550913,8.392785
Rajasthan,Chittorgarh,Red Soil,0.009232,22.580967,237.167585,8.444082
Rajasthan,Churu,Desert Soil,0.001383,10.567774,206.7582,8.643532
Rajasthan,Dausa,Alluvial Soil,0.021917,34.325408,232.228112,7.918483
Rajasthan,Dholpur,Alluvial Soil,99.635655,37.5054,250.867871,7.923825
Rajasthan,Dungarpur,Red Soil,0.010218,27.941591,233.8012,8.034049
Rajasthan,Hanumangarh,Alluvial Soil,0.011018,30.958879,371.470382,8.227121
Rajasthan,Jaipur,Alluvial Soil,0.211346,30.401313,211.056604,9.17604
Rajasthan,Jaisalmer,Desert Soil,0.211537,36.747603,245.659803,8.826533
Rajasthan,Jalore,Red Soil,2.546096,35.742139,239.366079,8.216477
Rajasthan,Jhalawar,Black Soil,0.044621,32.470252,349.033548,7.567201
Rajasthan,Jhunjhunu,Alluvial Soil,0.035418,47.498975,266.214519,12.695924
Rajasthan,Jodhpur,Desert Soil,0.001531,35.391143,306.424469,8.762536
Rajasthan,Karauli,Alluvial Soil,0.0,38.835514,338.78908,7.650132
Rajasthan,Kota,Black Soil,0.076162,33.830003,348.690222,13.330437
Rajasthan,Nagaur,Desert Soil,0.0,32.726561,294.76576,8.006507
Rajasthan,Pali,Red Soil,0.0,29.577197,291.684167,8.024238
Rajasthan,Pratapgarh,Red Soil,0.000168,37.711672,297.425487,7.37723
Rajasthan,Rajsamand,Red Soil,0.025897,24.442199,345.547997,8.245308
Rajasthan,Sawai Madhopur,Alluvial Soil,0.059448,30.91775,281.141773,8.245262
Rajasthan,Sikar,Alluvial Soil,0.02115,37.364346,368.512676,7.669981
Rajasthan,Sirohi,Red Soil,0.092165,37.298999,269.303812,7.79609
Rajasthan,Sri Ganganagar,Alluvial Soil,133.3895849586055,59.98236394596261,127.46179005117396,6.304726746986006
Rajasthan,Tonk,Red Soil,3.617712,35.579683,322.38894,7.736308
Rajasthan,Udaipur,Red Soil,0.004904,24.026137,154.458791,8.479459
Sikkim,East Sikkim,Mountain Soil,456.1929219916919,32.63096624736628,317.2026443753011,8.09757669246702
Sikkim,North Sikkim,Mountain Soil,524.8721825,36.51953632072334,131.11229051711885,4.9901990000000005
Sikkim,South Sikkim,Mountain Soil,273.9569157574598,54.169384877816576,107.62024992796736,6.977437809282664
Sikkim,West Sikkim,Mountain Soil,210.9486295592785,49.6055398088391,88.95076549044467,6.671179468867206
Tamil Nadu,Ariyalur,Red Soil,135.938715,17.185117,152.844217,8.658556
Tamil Nadu,Chengalpattu,Red Soil,163.409982,23.084461,147.028187,7.417081
Tamil Nadu,Chennai,Coastal Soil,353.2872971146884,39.82235474020383,256.30536367213136,6.192111456073019
Tamil Nadu,Coimbatore,Red Soil,164.92608,15.598109,524.151352,10.989412
Tamil Nadu,Cuddalore,Coastal Soil,146.167349,32.913657,224.053813,9.887055
Tamil Nadu,Dharmapuri,Red Soil,152.299971,23.9386,238.952753,11.048241
Tamil Nadu,Dindigul,Red Soil,183.547583,16.624368,380.456038,11.640912
Tamil Nadu,Erode,Red Soil,140.999113,14.38072,378.622292,10.585703
Tamil Nadu,Kallakurichi,Red Soil,155.34816,29.811367,353.17185,7.145185
Tamil Nadu,Kancheepuram,Coastal Soil,221.5348643863641,26.63983601872736,286.90890704194345,8.17346710444162
Tamil Nadu,Kanyakumari,Laterite Soil,294.02411550071923,60.5851026,286.07076669883975,6.820249523015772
Tamil Nadu,Karur,Red Soil,142.951653,21.009294,355.700495,9.589622
Tamil Nadu,Krishnagiri,Red Soil,138.436457,32.27948,217.852054,7.210792
Tamil Nadu,Madurai,Red Soil,141.134312,25.797417,357.159216,12.203031
Tamil Nadu,Mayiladuthurai,Coastal Soil,161.321805,35.162406,325.184611,7.364906
Tamil Nadu,Nagapattinam,Coastal Soil,144.591203,54.571434,239.518477,11.431916
Tamil Nadu,Namakkal,Red Soil,162.13785,36.262852,512.95611,11.821411
Tamil Nadu,Nilgiris,Mountain Soil,204.70578201439784,37.39327039424385,191.1444596365176,6.4750163137142565
Tamil Nadu,Perambalur,Red Soil,128.862822,13.242742,307.732658,9.749808
Tamil Nadu,Pudukkottai,Red Soil,133.304375,17.345695,199.976243,9.45255
Tamil Nadu,Ramanathapuram,Coastal Soil,149.578942,19.527465,593.999207,8.876571
Tamil Nadu,Salem,Red Soil,189.083814,19.882459,318.335805,11.75608
Tamil Nadu,Sivaganga,Red Soil,110.275749,20.368637,283.221591,8.639904
Tamil Nadu,Tenkasi,Laterite Soil,179.098577,42.917297,517.110528,9.050472
Tamil Nadu,Thanjavur,Alluvial Soil,145.441991,40.835717,284.094159,9.794726
Tamil Nadu,Theni,Red Soil,152.227727,34.052051,372.567623,8.819898
Tamil Nadu,Thoothukudi,Coastal Soil,372.1422088010543,52.622306068674106,145.46416578704375,11.207728729793915
Tamil Nadu,Tiruchirappalli,Red Soil,183.483997,30.486213,376.37474,10.120713
Tamil Nadu,Tirunelveli,Red Soil,193.834428,32.742463,372.21285,10.800722
Tamil Nadu,Tirupathur,Red Soil,131.639606,44.595004,254.504427,10.419466
Tamil Nadu,Tiruppur,Red Soil,186.632333,16.570499,380.351134,8.276094
Tamil Nadu,Tiruvallur,Coastal Soil,524.8721825,28.325690145462648,251.5123438131912,10.162838742341746
Tamil Nadu,Tiruvannamalai,Red Soil,147.439292,24.851529,178.642837,10.105728
Tamil Nadu,Tiruvarur,Alluvial Soil,131.9458194037379,44.48814920936227,210.7042824572297,10.957538065484773
Tamil Nadu,Vellore,Red Soil,151.520671,14.678307,255.817853,12.89375
Tamil Nadu,Viluppuram,Red Soil,0.00038,23.9390163012621,146.47520239227995,9.35024428367055
Tamil Nadu,Virudhunagar,Red Soil,141.673846,15.012126,406.02382,9.975304
Telangana,Adilabad,Red Soil,524.8721825,30.13330116463917,206.09399288913227,6.761153242383608
Telangana,Bhadradri Kothagudem,Red Soil,125.95942,62.308822,214.605514,13.912324
Telangana,Hyderabad,Black Soil,290.30558213394494,17.63670494267618,222.28318772519376,4.9901990000000005
Telangana,Jagtial,Black Soil,383.9683688979651,13.93140631454678,325.28848819011705,8.220394174183483
Telangana,Jangaon,Red Soil,184.00670425941016,49.09698924400469,140.25614938603275,8.61996750291981
Telangana,Jayashankar Bhupalpally,Red Soil,524.8721825,10.6077295,216.54684272902773,9.873010449670884
Telangana,Jogulamba Gadwal,Black Soil,199.552759,70.989557,174.49765,12.618279
Telangana,Kamareddy,Black Soil,0.00038,34.851988306429874,248.91338920760424,5.875700022012854
Telangana,Karimnagar,Black Soil,253.23250795584664,21.48064214790588,421.6906422813353,8.755073475631397
Telangana,Khammam,Red Soil,524.8721825,49.533342496660325,88.25349119011206,10.237707133676356
Telangana,Komaram Bheem,Red Soil,164.8285452591931,21.078496341931093,211.0769704593365,6.408030972824326
Telangana,Mahabubabad,Red Soil,323.54839025735066,52.7997847038156,307.9899144393654,8.553225201770198
Telangana,Mahabubnagar,Red Soil,0.00038,22.253975621756844,114.57071443167791,7.536946721501946
Telangana,Mancherial,Red Soil,182.0702220449239,37.7498462402148,266.1966971081805,8.610206197371275
Telangana,Medak,Black Soil,366.9812387283077,15.991456842533944,192.94408302339224,9.478261896048426
Telangana,Medchal-Malkajgiri,Black Soil,396.0872441787925,28.746397031501875,352.15855835307707,6.94139242094421
Telangana,Mulugu,Red Soil,273.5716870096492,55.67766120843021,261.7175239276855,10.235157693909088
Telangana,Nagarkurnool,Red Soil,315.5785671291857,31.336052951899102,206.7214318212828,8.918108611276468
Telangana,Nalgonda,Red Soil,7.052501007125613,32.98233755156348,88.25349119011206,6.895044731473061
Telangana,Narayanpet,Red Soil,139.29408675075211,20.46781508191784,88.25349119011206,8.814829764104129
Telangana,Nirmal,Red Soil,252.09959680239177,24.638996091309785,192.34912917253644,7.259966896812387
Telangana,Nizamabad,Black Soil,402.4526649864881,25.90959686514689,229.05691035693533,9.003320815558855
Telangana,Peddapalli,Black Soil,129.5105360164295,50.33574684576404,350.7447679910625,8.227092931976163
Telangana,Rajanna Sircilla,Black Soil,86.80015489892952,26.744021484051828,363.57043072188856,10.00076312881
Telangana,Rangareddy,Black Soil,470.53807234617307,36.36128511328295,287.31022434329617,8.479942112861153
Telangana,Sangareddy,Black Soil,198.1588050923258,51.23852425856796,260.5240062404865,8.064546482929382
Telangana,Siddipet,Red Soil,187.8655514593077,40.45551358967068,421.6906422813353,9.175668104759186
Telangana,Suryapet,Red Soil,46.66292484292185,41.74051159208388,294.37640931294965,11.735243908645934
Telangana,Vikarabad,Red Soil,450.10451644561965,33.446806194612954,116.0279333756589,7.024094777914578
Telangana,Wanaparthy,Red Soil,346.1022995066289,34.505519515606444,158.13060097461724,7.452579373248492
Telangana,Warangal Urban,Red Soil,495.235076639727,57.10436673847085,230.1230571427019,9.24144507290689
Telangana,Yadadri Bhuvanagiri,Red Soil,125.67265098508597,25.13383879529959,355.28980349386813,5.757402653454619
Tripura,Dhalai,Red Soil,116.90470807789194,30.43881889985268,88.25349119011206,6.008894584156474
Tripura,Gomati,Red Soil,0.00038,31.88453938671445,230.1918332593605,5.895759165268977
Tripura,Khowai,Red Soil,505.6369913279329,17.88914178097842,88.25349119011206,6.463242753887291
Tripura,North Tripura,Red Soil,113.05200782372692,41.27216523640488,271.6122295344896,10.787721132160268
Tripura,Sepahijala,Red Soil,159.361434202429,10.6077295,88.25349119011206,6.696711628902889
Tripura,South Tripura,Red Soil,240.37909438861087,24.43019595042442,198.57418251315104,5.111232439785538
Tripura,Unakoti,Red Soil,142.94478220199974,14.075699874995756,421.6906422813353,8.207858538808898
Tripura,West Tripura,Red Soil,319.6338504535441,14.532602626799235,387.9728281519021,9.182372519315113
Uttar Pradesh,Agra,Alluvial Soil,215.40636214003607,46.683294596554006,431.6712933194283,7.023131221706236
Uttar Pradesh,Aligarh,Alluvial Soil,119.4003320375248,25.72707134399266,392.7304260413937,10.020555656644662
Uttar Pradesh,Allahabad,Alluvial Soil,290.6336731137494,37.48990586602692,413.7415107853066,6.002140498841492
Uttar Pradesh,Ambedkar Nagar,Alluvial Soil,107.13784116280496,10.6077295,269.54808708521114,4.9901990000000005
Uttar Pradesh,Amethi,Alluvial Soil,237.8238412438237,10.6077295,215.0748581383584,6.716721377394
Uttar Pradesh,Amroha,Alluvial Soil,142.3930370570492,62.2797975,151.6818138726022,10.425267048121343
Uttar Pradesh,Auraiya,Alluvial Soil,199.32103625700464,32.241735635981684,290.2127728575284,11.215865196290592
Uttar Pradesh,Ayodhya,Alluvial Soil,524.8721825,40.47857088487872,245.9318846907549,7.376402649500524
Uttar Pradesh,Azamgarh,Alluvial Soil,299.3753716704327,23.23632571182789,362.9155649705402,10.193365788155765
Uttar Pradesh,Baghpat,Alluvial Soil,166.1423369754876,59.30108665036457,142.2054507983384,10.06686216373381
Uttar Pradesh,Bahraich,Alluvial Soil,296.74334727905864,28.694390177098263,325.77881074756743,4.9901990000000005
Uttar Pradesh,Ballia,Alluvial Soil,240.30453736351288,25.28166085725573,248.2434053516671,6.478031761818098
Uttar Pradesh,Balrampur,Alluvial Soil,150.03004989967508,37.991325052492826,174.35048060804849,7.471377107685633
Uttar Pradesh,Banda,Alluvial Soil,163.85774485022654,22.51400494313861,316.91862800403527,10.056046147092443
Uttar Pradesh,Barabanki,Alluvial Soil,181.06302906607488,53.194235470339976,87.2339725,7.320458353050511
Uttar Pradesh,Bareilly,Alluvial Soil,194.86436110195427,47.64220862514811,314.9246916953306,7.901296061758276
Uttar Pradesh,Basti,Alluvial Soil,351.86058754665646,14.564057272414512,388.5452492077978,5.409430237303749
Uttar Pradesh,Bhadohi,Alluvial Soil,524.8721825,45.24868148253376,140.9758342636919,5.264171791270499
Uttar Pradesh,Bijnor,Alluvial Soil,135.271778999923,37.64445951601401,285.33786081602386,9.5669718641174
Uttar Pradesh,Budaun,Alluvial Soil,242.68247419616128,47.487644475622666,131.74388971679582,7.090256847184863
Uttar Pradesh,Bulandshahr,Alluvial Soil,405.9929550920223,41.06836793287358,104.829066664851,6.57090486144212
Uttar Pradesh,Chandauli,Alluvial Soil,235.4573228231841,10.6077295,243.715632369867,8.326447134228932
Uttar Pradesh,Chitrakoot,Alluvial Soil,392.94564995006505,33.394053852639644,427.17256323523935,5.176527974545625
Uttar Pradesh,Deoria,Alluvial Soil,373.1744376743069,22.179538409847726,423.6300158072987,7.485966098318454
Uttar Pradesh,Etah,Alluvial Soil,204.154708596002,62.2797975,87.2339725,5.214497578705606
Uttar Pradesh,Etawah,Alluvial Soil,377.33892687038895,40.82700351444885,271.028565130434,8.138471051249182
Uttar Pradesh,Farrukhabad,Alluvial Soil,62.25339209799967,33.14649226452799,187.6903732037624,6.212445122145982
Uttar Pradesh,Fatehpur,Alluvial Soil,222.1287355982312,35.74532044141008,407.4274401024544,9.694904941393856
Uttar Pradesh,Firozabad,Alluvial Soil,190.67184356009085,38.39505838922236,182.8605195194092,10.83230923070211
Uttar Pradesh,Gautam Buddha Nagar,Alluvial Soil,176.3724980015586,24.897098697870927,246.19172219109464,6.011697473756429
Uttar Pradesh,Ghaziabad,Alluvial Soil,136.4182308227863,28.8785043052628,293.215570407025,6.187845233994688
Uttar Pradesh,Ghazipur,Alluvial Soil,524.8721825,34.65318732772332,233.9736942318416,6.494650350159132
Uttar Pradesh,Gonda,Alluvial Soil,99.03356869239192,56.688736651190446,359.37361530222745,5.2600737921183125
Uttar Pradesh,Gorakhpur,Alluvial Soil,34.547137884289214,10.6077295,149.63891073344058,6.169237927300078
Uttar Pradesh,Hamirpur,Alluvial Soil,517.1685175749567,10.6077295,88.76270725474919,6.493369802540742
Uttar Pradesh,Hapur,Alluvial Soil,0.00038,44.7840534858489,277.94016645707853,6.659100713569695
Uttar Pradesh,Hardoi,Alluvial Soil,520.1350711229593,27.871543467241143,282.2449656922238,5.034297292983499
Uttar Pradesh,Hathras,Alluvial Soil,196.75416598361704,52.0307496398668,236.67441997352915,11.96213565139314
Uttar Pradesh,Jalaun,Alluvial Soil,0.00038,45.81393341922124,220.8329308508021,9.039087849252065
Uttar Pradesh,Jaunpur,Alluvial Soil,202.28055376591115,10.6077295,270.82121642652805,4.9901990000000005
Uttar Pradesh,Jhansi,Alluvial Soil,335.4955338750829,57.28182662310854,130.37743296445925,8.137570887394137
Uttar Pradesh,Kannauj,Alluvial Soil,0.00038,22.68585901471559,271.00592405201024,7.476989235978468
Uttar Pradesh,Kanpur Dehat,Alluvial Soil,160.6372665168074,13.789529109820007,223.04275353036783,7.884774039941034
Uttar Pradesh,Kanpur Nagar,Alluvial Soil,487.05010916768913,25.77529209226501,393.8890732519249,10.56475810782745
Uttar Pradesh,Kanshiram Nagar,Alluvial Soil,0.00038,23.70244666407526,338.67228467733514,5.5613995410758905
Uttar Pradesh,Kausambi,Alluvial Soil,474.529764707592,10.866041063284818,240.3160377123984,9.305054483222785
Uttar Pradesh,Kheri,Alluvial Soil,0.00038,10.6077295,169.63763503306978,7.249668284600643
Uttar Pradesh,Kushinagar,Alluvial Soil,98.43105573386288,52.70800677009269,223.7732863498442,9.204998109419222
Uttar Pradesh,Lalitpur,Alluvial Soil,0.00038,17.129011065564868,251.3366953035533,7.835859767014117
Uttar Pradesh,Lucknow,Alluvial Soil,450.7335007696363,23.14873040255584,219.6059060744292,10.42783383384951
Uttar Pradesh,Maharajganj,Alluvial Soil,0.00038,32.5163629764247,124.29648935761917,6.689997565271504
Uttar Pradesh,Mahoba,Alluvial Soil,152.79976959938534,23.7628128521444,210.14268800120428,7.349443372628177
Uttar Pradesh,Mainpuri,Alluvial Soil,78.01362797969975,39.61378346908732,404.3132645817602,11.670757494468653
Uttar Pradesh,Mathura,Alluvial Soil,325.8210121599409,21.465448287421843,228.0180200848241,11.233079400234628
Uttar Pradesh,Mau,Alluvial Soil,524.8721825,10.6077295,382.20858786913846,5.830535346171521
Uttar Pradesh,Meerut,Alluvial Soil,112.6693665063076,62.2797975,246.5469309765341,4.9901990000000005
Uttar Pradesh,Mirzapur,Alluvial Soil,204.33533385172564,54.08626191800381,175.34145925484273,8.20044574833421
Uttar Pradesh,Muzaffarnagar,Alluvial Soil,186.2328913137424,50.57794043961607,340.4845862439754,8.839538728663397
Uttar Pradesh,Pilibhit,Alluvial Soil,191.65489463527817,27.591095520111868,279.45277374188134,9.366907011903573
Uttar Pradesh,Pratapgarh,Alluvial Soil,331.5002975131565,26.247013747869637,220.2744346508104,9.744936594225498
Uttar Pradesh,Rae Bareli,Alluvial Soil,183.59902543639384,52.67401698846156,194.67628051891643,8.3150737193688
Uttar Pradesh,Rampur,Alluvial Soil,457.55218481457626,10.6077295,149.5412470950667,7.5776231009428
Uttar Pradesh,Saharanpur,Alluvial Soil,336.36661163338806,41.38887799888308,306.32760875242616,7.305562021491614
Uttar Pradesh,Sant Kabir Nagar,Alluvial Soil,308.12339449074824,54.31187728382332,358.19446066858103,5.3971888498002905
Uttar Pradesh,Shahjahanpur,Alluvial Soil,197.16951412888665,40.88527558729028,87.2339725,8.769712909687108
Uttar Pradesh,Shamli,Alluvial Soil,1.823950463740431,21.002364487583808,299.77400572830794,6.178093375052312
Uttar Pradesh,Shravasti,Alluvial Soil,176.56662569050812,17.239343793580176,122.22648466140568,7.04986630270974
Uttar Pradesh,Siddharthnagar,Alluvial Soil,193.8095689663539,62.2797975,158.4584338535738,7.955282827652438
Uttar Pradesh,Sitapur,Alluvial Soil,238.65651716403067,27.88464650804161,347.17892440717566,9.407035722036614
Uttar Pradesh,Sonbhadra,Alluvial Soil,118.3658924651639,23.396303400697988,175.31506129803955,7.2962304431723215
Uttar Pradesh,Sultanpur,Alluvial Soil,150.26472168082643,10.6077295,390.2122095725943,5.458392635767449
Uttar Pradesh,Unnao,Alluvial Soil,0.00038,45.504710257722834,307.5215448344016,8.213534263988636
Uttar Pradesh,Varanasi,Alluvial Soil,252.83270471696744,12.496087295137972,292.96317352492275,6.446742205573269
West Bengal,Alipurduar,Alluvial Soil,376.5532058568013,10.6077295,296.92116115627664,8.104250705550626
West Bengal,Bankura,Laterite Soil,160.9729240784419,32.140879303508875,155.57598035101103,11.375724296143652
West Bengal,Birbhum,Alluvial Soil,149.17757725756871,31.11271033743681,137.44057958059494,7.13821769424855
West Bengal,Cooch Behar,Alluvial Soil,0.00038,12.992212450897384,295.064398863361,11.05458415305148
West Bengal,Dakshin Dinajpur,Alluvial Soil,405.0729070906472,40.44318620230608,124.50030416755465,11.95957605596422
West Bengal,Darjeeling,Mountain Soil,143.78783599735684,34.74404927956351,312.6600850346716,6.516013591802105
West Bengal,Hooghly,Alluvial Soil,239.89384176340263,10.6077295,246.1616775776869,6.154218949368111
West Bengal,Howrah,Alluvial Soil,479.3330857427183,36.50271121514693,195.5491803528601,10.963286907023033
West Bengal,Jalpaiguri,Alluvial Soil,114.55769794533477,28.575076829450904,374.3639485881357,10.15731537703268
West Bengal,Jhargram,Laterite Soil,440.7849902663057,20.212660248513178,198.7246325184336,8.331517586027585
West Bengal,Kalimpong,Mountain Soil,267.6956136895004,39.3146373322117,256.2822755237756,6.851013595310758
West Bengal,Kolkatta,Alluvial Soil,177.63704121445042,10.6077295,421.6906422813353,8.691319210013212
West Bengal,Malda,Alluvial Soil,0.00038,43.07127911669185,262.98372631317307,10.05684706067349
West Bengal,Murshidabad,Alluvial Soil,184.72412573893791,20.383576689246468,87.2339725,9.752175802340425
West Bengal,Nadia,Alluvial Soil,470.22911362451634,50.66959250245786,325.97000710815814,10.047843965650802
West Bengal,North 24 Parganas,Alluvial Soil,365.699928238443,23.93749355261307,432.7650305,10.343958051345476
West Bengal,North Dinajpur,Alluvial Soil,132.9309839128107,20.382297046854145,237.4273621597967,9.231266863910216
West Bengal,Paschim Bardhaman,Alluvial Soil,189.90946871378307,10.6077295,375.84774184038713,8.433242306925967
West Bengal,Purba Bardhaman,Alluvial Soil,151.42448731704422,23.3413202565103,184.39596554224784,6.796631841980098
West Bengal,Purba Medinipur,Coastal Soil,233.8215722987552,43.85490781943908,94.84299903587794,8.918591196741332
West Bengal,Purulia,Laterite Soil,8.078392652958058,52.018824126713696,222.27464735600984,7.922850832970346
West Bengal,South 24 Parganas,Coastal Soil,202.41227525139635,33.93322504432393,241.88994973100944,7.355483815159785
West Bengal,Uttar Dinajpur,Alluvial Soil,41.63556236538778,39.05890576078281,432.7650305,8.969873102510988
